Datetime,Water Level (m)
2025-04-12 00:00:00,-0.30051163
2025-04-12 01:00:00,-0.41392925
2025-04-12 02:00:00,-0.49613792
2025-04-12 03:00:00,-0.3498548
2025-04-12 04:00:00,-0.016478831
2025-04-12 05:00:00,0.23746066
2025-04-12 06:00:00,0.4626006
2025-04-12 07:00:00,0.5980278
2025-04-12 08:00:00,0.5716468
2025-04-12 09:00:00,0.34763914
2025-04-12 10:00:00,0.1146067
2025-04-12 11:00:00,-0.05404513
2025-04-12 12:00:00,-0.1892153
2025-04-12 13:00:00,-0.29608437
2025-04-12 14:00:00,-0.39242586
2025-04-12 15:00:00,-0.34271517
2025-04-12 16:00:00,0.0052336226
2025-04-12 17:00:00,0.23789826
2025-04-12 18:00:00,0.43177524
2025-04-12 19:00:00,0.55885124
2025-04-12 20:00:00,0.5163044
2025-04-12 21:00:00,0.2850418
2025-04-12 22:00:00,0.046501506
2025-04-12 23:00:00,-0.12238108
2025-04-13 00:00:00,-0.2587764
2025-04-13 01:00:00,-0.37199983
2025-04-13 02:00:00,-0.4792311
2025-04-13 03:00:00,-0.522061
2025-04-13 04:00:00,-0.19385868
2025-04-13 05:00:00,0.13285038
2025-04-13 06:00:00,0.36741692
2025-04-13 07:00:00,0.5734867
2025-04-13 08:00:00,0.6144584
2025-04-13 09:00:00,0.47075883
2025-04-13 10:00:00,0.21273866
2025-04-13 11:00:00,0.03298781
2025-04-13 12:00:00,-0.11712978
2025-04-13 13:00:00,-0.22613224
2025-04-13 14:00:00,-0.33736122
2025-04-13 15:00:00,-0.41130474
2025-04-13 16:00:00,-0.20996065
2025-04-13 17:00:00,0.08819474
2025-04-13 18:00:00,0.28560832
2025-04-13 19:00:00,0.46162605
2025-04-13 20:00:00,0.5144377
2025-04-13 21:00:00,0.37743962
2025-04-13 22:00:00,0.10669674
2025-04-13 23:00:00,-0.080021985
2025-04-14 00:00:00,-0.2311898
2025-04-14 01:00:00,-0.34874094
2025-04-14 02:00:00,-0.4577774
2025-04-14 03:00:00,-0.54209846
2025-04-14 04:00:00,-0.3619913
2025-04-14 05:00:00,0.0051757367
2025-04-14 06:00:00,0.264337
2025-04-14 07:00:00,0.511967
2025-04-14 08:00:00,0.64394397
2025-04-14 09:00:00,0.6088317
2025-04-14 10:00:00,0.38213578
2025-04-14 11:00:00,0.16099383
2025-04-14 12:00:00,-0.0037163435
2025-04-14 13:00:00,-0.13655989
2025-04-14 14:00:00,-0.2510376
2025-04-14 15:00:00,-0.3553158
2025-04-14 16:00:00,-0.3172068
2025-04-14 17:00:00,0.02017304
2025-04-14 18:00:00,0.25105572
2025-04-14 19:00:00,0.4306903
2025-04-14 20:00:00,0.531637
2025-04-14 21:00:00,0.44460958
2025-04-14 22:00:00,0.17771931
2025-04-14 23:00:00,-0.038463853
2025-04-15 00:00:00,-0.19875912
2025-04-15 01:00:00,-0.32358736
2025-04-15 02:00:00,-0.4277364
2025-04-15 03:00:00,-0.5240665
2025-04-15 04:00:00,-0.5071085
2025-04-15 05:00:00,-0.1604462
2025-04-15 06:00:00,0.1340695
2025-04-15 07:00:00,0.38495898
2025-04-15 08:00:00,0.58596706
2025-04-15 09:00:00,0.6244091
2025-04-15 10:00:00,0.48180982
2025-04-15 11:00:00,0.23549515
2025-04-15 12:00:00,0.058853466
2025-04-15 13:00:00,-0.09318812
2025-04-15 14:00:00,-0.20572592
2025-04-15 15:00:00,-0.31432718
2025-04-15 16:00:00,-0.369501
2025-04-15 17:00:00,-0.13611579
2025-04-15 18:00:00,0.14305164
2025-04-15 19:00:00,0.31881982
2025-04-15 20:00:00,0.4666962
2025-04-15 21:00:00,0.45432633
2025-04-15 22:00:00,0.25803375
2025-04-15 23:00:00,0.008888631
2025-04-16 00:00:00,-0.15871552
2025-04-16 01:00:00,-0.2976439
2025-04-16 02:00:00,-0.39831963
2025-04-16 03:00:00,-0.49579242
2025-04-16 04:00:00,-0.5514464
2025-04-16 05:00:00,-0.32263675
2025-04-16 06:00:00,0.002877636
2025-04-16 07:00:00,0.2470669
2025-04-16 08:00:00,0.49022648
2025-04-16 09:00:00,0.6034375
2025-04-16 10:00:00,0.5722442
2025-04-16 11:00:00,0.36838335
2025-04-16 12:00:00,0.15961964
2025-04-16 13:00:00,-0.0028328884
2025-04-16 14:00:00,-0.12729822
2025-04-16 15:00:00,-0.23588824
2025-04-16 16:00:00,-0.32411098
2025-04-16 17:00:00,-0.2664455
2025-04-16 18:00:00,0.023415564
2025-04-16 19:00:00,0.21875226
2025-04-16 20:00:00,0.37365362
2025-04-16 21:00:00,0.43514258
2025-04-16 22:00:00,0.32604474
2025-04-16 23:00:00,0.08048989
2025-04-17 00:00:00,-0.11057142
2025-04-17 01:00:00,-0.25617012
2025-04-17 02:00:00,-0.3668702
2025-04-17 03:00:00,-0.45154664
2025-04-17 04:00:00,-0.5199998
2025-04-17 05:00:00,-0.40519083
2025-04-17 06:00:00,-0.08536917
2025-04-17 07:00:00,0.15195857
2025-04-17 08:00:00,0.38930047
2025-04-17 09:00:00,0.55533564
2025-04-17 10:00:00,0.5889169
2025-04-17 11:00:00,0.46965665
2025-04-17 12:00:00,0.2509955
2025-04-17 13:00:00,0.08413266
2025-04-17 14:00:00,-0.046072982
2025-04-17 15:00:00,-0.14090142
2025-04-17 16:00:00,-0.22390723
2025-04-17 17:00:00,-0.23944823
2025-04-17 18:00:00,-0.029775903
2025-04-17 19:00:00,0.17500143
2025-04-17 20:00:00,0.30523273
2025-04-17 21:00:00,0.39410415
2025-04-17 22:00:00,0.349
2025-04-17 23:00:00,0.17222394
2025-04-18 00:00:00,-0.019387815
